epoch,method,oodset,AUROC,FPR@95
10,MSP,ImageNet1k_p10,0.8378866443322166,0.567728386419321
10,MaxLogit,ImageNet1k_p10,0.9963138106905345,0.01560078003900195
10,Energy,ImageNet1k_p10,0.9963647232361618,0.015100755037751887
10,CTW,ImageNet1k_p10,0.9705424771238561,0.1136556827841392
10,ATD,ImageNet1k_p10,0.9851139906995351,0.06200310015500775
